SIDO_NM,CCG_NM,segment,rule_segment,cluster,생활밀착지수,한식지향지수,양식지향지수,건당평균결제금액,월별변동계수CV,총소비금액,총건수,low_sample
강원특별자치도,강릉시,프리미엄외식형,로컬미식형,1,-1.0709472812034235,30.266998728577484,17.052775939162196,18695.089001553464,0.08433662813504278,4200020000,224659,False
강원특별자치도,고성군,프리미엄외식형,생활밀착형,1,10.808558332016155,17.261793571192506,23.92194617274726,10296.345613256399,0.26048765565767523,695930000,67590,False
강원특별자치도,동해시,로컬미식형,생활밀착형,2,25.25386805125386,23.44007739582536,10.794351218357845,21761.6588158672,0.06739025677239273,1436770000,66023,False
강원특별자치도,삼척시,로컬미식형,로컬미식형,2,-2.5601369410492794,34.77732064025947,12.668548605063215,21388.014644485836,0.16658978576305733,665980000,31138,False
강원특별자치도,속초시,로컬미식형,로컬미식형,2,-6.873139971505253,36.40576775160891,13.833581607583884,20911.231761112995,0.1099595215014067,3081270000,147350,False
강원특별자치도,양구군,로컬미식형,생활밀착형,2,18.669323039887104,29.010500975387043,7.307101647781513,21552.98116920875,0.12453216200503017,481860000,22357,True
강원특별자치도,양양군,로컬미식형,로컬미식형,2,-4.189728306290114,37.12884557768422,11.881672106848322,19767.15915466617,0.1479109312394057,634170000,32082,False
강원특별자치도,영월군,프리미엄외식형,생활밀착형,1,3.7240954037923686,38.712092849120175,6.338229788358624,16093.212830054936,0.23654889453186395,454070000,28215,False
강원특별자치도,원주시,로컬미식형,생활밀착형,2,5.860312776103591,31.743769912926037,11.323482601568937,18017.661168209896,0.0606040107036363,6723020000,373135,False
강원특별자치도,인제군,로컬미식형,로컬미식형,2,-10.342388228636104,31.503489907564607,21.585549896245993,14301.902063941723,0.1828107664344661,212040000,14826,True
강원특별자치도,정선군,로컬미식형,로컬미식형,2,-12.425990669682967,44.048405078636605,7.203394416963427,20312.424422311633,0.12572255141813993,923870000,45483,False
강원특별자치도,철원군,생활밀착형,생활밀착형,0,11.724137931034491,33.93888421642837,6.731146621811046,22138.778550148956,0.11643110576951578,356700000,16112,True
강원특별자치도,춘천시,로컬미식형,생활밀착형,2,8.604184393168111,30.670232225816115,11.680961515085933,18561.47610898025,0.10227065732068812,3373010000,181721,False
강원특별자치도,태백시,로컬미식형,생활밀착형,2,15.186162415713873,29.38417231448428,9.141704175073723,24609.345159784407,0.09938846253363413,579870000,23563,False
강원특별자치도,평창군,로컬미식형,로컬미식형,2,-3.7197104018912484,39.28690159574468,8.527260638297872,19783.68897983046,0.13056651071988248,1082880000,54736,False
강원특별자치도,홍천군,로컬미식형,로컬미식형,2,-0.20850404432942327,38.625171387079234,7.516692493043104,17171.774867651155,0.08916808848048575,1232590000,71780,False
강원특별자치도,화천군,로컬미식형,로컬미식형,2,-1.1814117993810527,36.56973031389694,7.89900280001965,18120.883033647853,0.1274481403889909,407140000,22468,True
강원특별자치도,횡성군,생활밀착형,생활밀착형,0,34.25717639004353,24.283583549317814,5.80346227199374,20388.344674593085,0.15101736558505768,817960000,40119,False
경기도,가평군,로컬미식형,생활밀착형,2,7.527783323351294,34.1838024888534,9.011778798163306,21972.189323156555,0.1344838055064884,1502700000,68391,False
경기도,고양시 덕양구,로컬미식형,생활밀착형,2,19.33271369507387,27.234827286107695,9.716897633951575,19120.783285878602,0.04786435174095226,4056130000,212132,False
경기도,고양시 일산동구,로컬미식형,생활밀착형,2,24.296545964148883,23.65394846736633,11.140833474514558,17643.847541533814,0.05374481992353942,3364470000,190688,False
경기도,고양시 일산서구,로컬미식형,생활밀착형,2,23.449540973466696,23.78337845223116,10.470973509064027,15406.601439863194,0.04425292053988548,2360430000,153209,False
경기도,과천시,로컬미식형,로컬미식형,2,-38.58916081240338,50.70786843595513,16.04450770620016,11611.957275134626,0.30141825809219003,653370000,56267,False
경기도,광명시,로컬미식형,로컬미식형,2,-8.064229240223767,35.298956786225666,13.590238436157628,15229.510639162412,0.051695765741138475,2248820000,147662,False
경기도,광주시,생활밀착형,생활밀착형,0,42.9142661393292,17.588988197190993,7.978781933501501,17428.581766866282,0.052948754372394956,9633300000,552730,False
경기도,구리시,로컬미식형,생활밀착형,2,5.340643720174633,35.15348427928385,9.243578028226215,16874.35750999429,0.0718319180219964,1477350000,87550,False
경기도,군포시,로컬미식형,생활밀착형,2,16.680920079135575,28.21103750084472,7.873010250805687,15662.906092713782,0.04305778993021595,4291370000,273983,False
경기도,김포시,생활밀착형,생활밀착형,0,43.99172643605391,15.912794117561328,9.242058293880582,17795.93441616108,0.05022682792678097,17153430000,963896,False
경기도,남양주시,생활밀착형,생활밀착형,0,25.60053562699362,24.020283829048253,10.219139154599526,16245.716386963602,0.07275090469668771,5257390000,323617,False
경기도,동두천시,생활밀착형,생활밀착형,0,39.111679908530455,16.96149573510209,10.495611670163905,14931.710156174217,0.05130200948033063,1539310000,103090,False
경기도,부천시 소사구,로컬미식형,생활밀착형,2,34.03760157996219,18.684280925698797,5.559835513188036,18770.978080718276,0.04371500052721174,6840670000,364428,False
경기도,부천시 오정구,생활밀착형,생활밀착형,0,37.29808874716022,22.36916150815982,5.9937681068800925,13220.26892979169,0.06055988901517561,1919160000,145168,False
경기도,부천시 원미구,로컬미식형,생활밀착형,2,14.083793134752923,26.450517970081805,9.892623339419188,15368.111830657319,0.06531984378374395,7930960000,516066,False
경기도,성남시 분당구,로컬미식형,로컬미식형,2,-10.330212417958009,26.76508209440332,23.746304179160813,16422.46815691035,0.07011690231895397,3815120000,232311,False
경기도,성남시 수정구,로컬미식형,생활밀착형,2,23.829248068443366,22.662177137498933,6.9737525282662105,14656.546640429562,0.049279518914210466,5161640000,352173,False
경기도,성남시 중원구,로컬미식형,생활밀착형,2,5.707756983335692,33.26025711760713,8.77451674486961,14693.972722641929,0.03847244161109593,2048090000,139383,False
경기도,수원시 권선구,로컬미식형,생활밀착형,2,38.13736474037435,21.669897556765267,5.9325960395640704,17745.7968288538,0.03993666440538079,6453330000,363654,False
경기도,수원시 영통구,프리미엄외식형,로컬미식형,1,-3.421468626681744,25.587600673851334,18.888029907922366,12596.02422815451,0.07872427039864303,3466640000,275217,False
경기도,수원시 장안구,로컬미식형,생활밀착형,2,38.22369422747284,19.002729176319196,7.936549515640783,17172.59838003638,0.04121993644843886,6108070000,355687,False
경기도,수원시 팔달구,로컬미식형,생활밀착형,2,2.254015530262741,24.729938713557477,13.633328696619836,18461.652338504162,0.07228567418768105,12221300000,661983,False
경기도,시흥시,로컬미식형,생활밀착형,2,37.603607768551115,19.301435464494435,4.808619375695935,18365.833933328897,0.051633670914566526,36425840000,1983348,False
경기도,안산시 단원구,로컬미식형,생활밀착형,2,30.71207268916092,14.907060267806797,12.288279695911895,17176.32621887561,0.05454949101527839,34138790000,1987549,False
경기도,안산시 상록구,로컬미식형,생활밀착형,2,34.56735352468307,20.33931193960631,7.883515407605895,15189.900665086505,0.04159382961613801,12419840000,817638,False
경기도,안성시,생활밀착형,생활밀착형,0,43.672772601466264,17.144028226743572,7.698802053622361,16846.002388928355,0.06417026442113989,11832750000,702407,False
경기도,안양시 동안구,로컬미식형,생활밀착형,2,7.940091847921927,29.29396701754924,12.317818343517361,16938.25076293747,0.04657608669405468,2608660000,154010,False
경기도,안양시 만안구,로컬미식형,생활밀착형,2,20.406191134678416,26.557855424048082,8.91105279777006,14724.893280157125,0.027880379040521597,3673640000,249485,False
경기도,양주시,생활밀착형,생활밀착형,0,49.59427311734548,14.869504059086191,7.780324108991054,18872.060281170365,0.05128290026664992,5502470000,291567,False
경기도,양평군,로컬미식형,로컬미식형,2,-2.962162844054781,39.618238155685034,8.864412258639312,19729.490091155152,0.10240097284517018,1268330000,64286,False
경기도,여주시,생활밀착형,생활밀착형,0,58.557045836164065,12.774959044422884,5.583591412166476,25098.572593568402,0.11019000202614358,4401110000,175353,False
경기도,연천군,생활밀착형,생활밀착형,0,38.73536546777766,23.317688007594136,5.5690328024469995,18665.22295501526,0.1644261310253102,379240000,20318,True
경기도,오산시,로컬미식형,생활밀착형,2,29.601600893316167,22.22931027811099,6.314020530793426,17276.686372448832,0.055945916823245435,9044950000,523535,False
경기도,용인시 기흥구,로컬미식형,생활밀착형,2,6.917416934096778,31.14642163891571,11.351716917514477,14794.573923082473,0.066968935013509,3075570000,207885,False
경기도,용인시 수지구,로컬미식형,로컬미식형,2,-3.7016156028118914,32.08712861983709,14.12228310341385,15660.247213331862,0.1028163380386673,1702770000,108732,False
경기도,용인시 처인구,생활밀착형,생활밀착형,0,20.038499655756894,26.860996792209917,8.894748054177382,15659.928541383628,0.0857006903569095,6477980000,413666,False
경기도,의왕시,로컬미식형,로컬미식형,2,-10.997208996880644,40.17402725332458,10.758824495156789,17266.305333817127,0.07472262674608408,1522750000,88192,False
경기도,의정부시,프리미엄외식형,생활밀착형,1,11.795709189569415,27.13694752884825,13.790048401413522,13982.422739439242,0.05218702972668893,5970900000,427029,False
경기도,이천시,생활밀착형,생활밀착형,0,30.283104417787097,22.199079920994116,9.405344077250197,16069.962270679594,0.05647582792606815,7245030000,450843,False
경기도,파주시,생활밀착형,생활밀착형,0,40.42541613246584,16.989001086178114,10.176335248112249,18907.82103361279,0.060983801016927054,9188180000,485946,False
경기도,평택시,생활밀착형,생활밀착형,0,30.251920371656606,20.351035841405192,10.57674269358498,15871.59434612164,0.058222972746074964,19882870000,1252733,False
경기도,포천시,생활밀착형,생활밀착형,0,45.283013241083154,16.40597041631874,8.406149349874747,17942.24898803297,0.06588222479339077,6706400000,373777,False
경기도,하남시,로컬미식형,생활밀착형,2,25.242781968239726,24.733072247302683,9.35579047067144,20688.328262775227,0.05855016966224376,3209670000,155144,False
경기도,화성시 동탄구,로컬미식형,생활밀착형,2,0.8426302010944653,25.968443893109182,18.652372516398305,15618.503926803349,0.042628344459299285,2410310000,154324,False
경기도,화성시 만세구,생활밀착형,생활밀착형,0,46.67520177496422,14.648952264358591,9.267252847473527,17488.316741863935,0.0655201869307019,28376910000,1622621,False
경기도,화성시 병점구,로컬미식형,생활밀착형,2,29.763309300123808,23.336974728716044,8.409681256524168,16882.653813996953,0.039465038227735984,2059650000,121998,False
경기도,화성시 효행구,생활밀착형,생활밀착형,0,44.08867328458777,19.27823692951562,5.87220933348854,16092.46827474744,0.0697969983496124,3694010000,229549,False
경상남도,거제시,생활밀착형,생활밀착형,0,44.08956766760592,17.25416965392289,8.6961112871045,16342.299008005348,0.07198171476279941,8996550000,550507,False
경상남도,거창군,생활밀착형,생활밀착형,0,26.859026251879264,27.728306541767857,6.013646351335724,16738.828843361833,0.13051765874890328,518820000,30995,False
경상남도,고성군,생활밀착형,생활밀착형,0,55.4381636812185,15.245897243376596,4.829454038399657,19515.92223356098,0.12329105854324783,745840000,38217,False
경상남도,김해시,생활밀착형,생활밀착형,0,35.28345778231191,14.641488107754219,15.17068093943999,16492.60360531849,0.04885969464817441,15075790000,914094,False
경상남도,남해군,로컬미식형,생활밀착형,2,0.6968159143763657,35.20822346523269,11.03493589466495,25416.172269830808,0.21456900252734643,1156690000,45510,False
경상남도,밀양시,생활밀착형,생활밀착형,0,46.1530545587959,17.39089583090979,6.977118772986371,19320.54529265826,0.06015228882588475,2235020000,115681,False
경상남도,사천시,생활밀착형,생활밀착형,0,37.642297504105585,22.25815144165993,6.895867970287213,20800.689538474555,0.037435922099236255,1966830000,94556,False
경상남도,산청군,생활밀착형,생활밀착형,0,25.261783987422497,29.960547002462107,5.689537539675476,19775.32703701531,0.19004407953978186,337110000,17047,True
경상남도,양산시,생활밀착형,생활밀착형,0,48.72532252214539,15.137861282863282,7.544272875453911,16510.191812466863,0.04613968725237809,6975490000,422496,False
경상남도,의령군,생활밀착형,생활밀착형,0,37.96501837109615,22.644289650949172,5.710349050826699,21188.014434578112,0.10467199717020281,522560000,24663,False
경상남도,진주시,생활밀착형,생활밀착형,0,24.395802607440004,22.26627337523189,12.438783742812069,17888.71320622897,0.05491730997773044,3891940000,217564,False
경상남도,창녕군,생활밀착형,생활밀착형,0,57.3313281221858,12.248297971975072,6.821620258636216,18275.5385856059,0.13872594917836717,2220880000,121522,False
경상남도,창원시 마산합포구,로컬미식형,생활밀착형,2,5.482179348479384,32.68308991465321,10.758128981848781,18335.27333337925,0.09538244791968595,2662080000,145189,False
경상남도,창원시 마산회원구,프리미엄외식형,생활밀착형,1,29.321264160529314,23.40341365228217,8.495735843348964,14898.939120787685,0.030123784025286187,2578470000,173064,False
경상남도,창원시 성산구,생활밀착형,생활밀착형,0,22.306736924105792,24.060478230727586,11.506002993535237,17478.986919009185,0.05159261791290675,4082130000,233545,False
경상남도,창원시 의창구,로컬미식형,생활밀착형,2,22.922582636987578,27.88029299108067,6.51766054968058,18024.950313407735,0.05750819311492736,2947530000,163525,False
경상남도,창원시 진해구,생활밀착형,생활밀착형,0,32.06420263238445,23.976316192225283,6.696701867156413,16716.769216993078,0.02179465116936315,5227200000,312692,False
경상남도,통영시,생활밀착형,생활밀착형,0,52.04535575923651,16.970235283001042,4.863649248795237,22979.146581898087,0.05780280816130653,2645750000,115137,False
경상남도,하동군,로컬미식형,생활밀착형,2,1.4807132774464833,38.593610462938955,6.755394232708207,23892.215568862277,0.15071999635977879,347130000,14529,True
경상남도,함안군,생활밀착형,생활밀착형,0,60.46907198491145,13.024344242254898,4.366595648073766,18161.46200054552,0.09616651239163872,2863100000,157647,False
경상남도,함양군,로컬미식형,생활밀착형,2,0.284279701690906,38.96477885254375,7.823229712766742,16200.729708714636,0.19855972975414632,270860000,16719,True
경상남도,합천군,로컬미식형,생활밀착형,2,15.220298079118152,32.68760395264651,6.27140201545837,22077.18338253294,0.16521215262338818,306630000,13889,True
경상북도,경산시,프리미엄외식형,생활밀착형,1,34.02192173717212,18.291612774075645,11.60119453880741,12744.200213990303,0.1654409516688888,11589410000,909387,False
경상북도,경주시,생활밀착형,생활밀착형,0,43.76839253249186,16.892063554946574,7.99414711614564,16432.05982205655,0.04999987050112488,11611370000,706629,False
경상북도,고령군,생활밀착형,생활밀착형,0,66.87676309856829,11.44730474605479,2.9142027548599554,21683.814496314495,0.09628663197418125,1694460000,78144,False
경상북도,구미시,생활밀착형,생활밀착형,0,30.943011330424458,22.879752253981,8.500918124546105,16632.777571818937,0.06472321255599166,6774680000,407309,False
경상북도,김천시,생활밀착형,생활밀착형,0,43.08661621138275,18.22567218968677,7.332684258363214,16052.950925720437,0.09503441873258517,3399710000,211781,False
경상북도,문경시,로컬미식형,생활밀착형,2,10.192236008307141,35.431066616965765,6.316630278502583,17885.10257338235,0.1200940192037316,938950000,52499,False
경상북도,봉화군,생활밀착형,생활밀착형,0,41.36358410301612,21.446364925458937,6.499827539953245,20584.56926475229,0.2066242714740009,260930000,12676,True
경상북도,상주시,생활밀착형,생활밀착형,0,24.672731651607798,27.82693816667573,6.8615645175074,19888.902623690472,0.122950222658801,1287170000,64718,False
경상북도,성주군,생활밀착형,생활밀착형,0,54.465858736853356,14.618241723041253,5.528649984365109,17103.927784082756,0.09083392994244444,1311170000,76659,False
경상북도,안동시,로컬미식형,생활밀착형,2,11.195063111022463,31.215313867549316,9.470680509797454,19089.84412180318,0.07758628400019764,2607310000,136581,False
경상북도,영덕군,로컬미식형,생활밀착형,2,10.407667655313809,34.78511853812927,6.941099189840158,23079.432167960673,0.06582103784978686,1004740000,43534,False
경상북도,영양군,로컬미식형,생활밀착형,2,39.00428895803549,23.286519216213943,3.7507358506433435,18862.6269035533,0.45223348600969693,118910000,6304,True
경상북도,영주시,생활밀착형,생활밀착형,0,35.877329655266365,22.562216375912065,6.497918316262675,17507.042883334077,0.08898777674993441,1174530000,67089,False
경상북도,영천시,생활밀착형,생활밀착형,0,50.242884755018764,17.00772799634565,5.587542483526448,19802.0129471247,0.06958218645492965,2933490000,148141,False
경상북도,예천군,로컬미식형,생활밀착형,2,10.068542160961101,33.63461755733815,7.097126501713554,18966.428571428572,0.09317560476708782,531060000,28000,False
경상북도,울릉군,로컬미식형,생활밀착형,2,7.093562620205908,38.11517139947958,8.213598823396312,20484.356894553883,0.5703279828266976,88390000,4315,True
경상북도,울진군,생활밀착형,생활밀착형,0,25.49362100526809,29.001020080209045,5.666335955731314,23537.363504802,0.0634027937280585,715630000,30404,False
경상북도,의성군,생활밀착형,생활밀착형,0,23.545262933219504,30.159280702222457,3.855286678583816,15920.907314586697,0.17749977496059519,374810000,23542,False
경상북도,청도군,로컬미식형,로컬미식형,2,-7.922108857040776,43.481281511771016,8.489816983603953,16932.64318365152,0.10882484176142052,503780000,29752,False
경상북도,청송군,로컬미식형,생활밀착형,2,11.460932240307315,38.671735772840684,4.094887331194804,23522.12389380531,0.23017219161570468,252510000,10735,True
경상북도,칠곡군,생활밀착형,생활밀착형,0,39.738695333784946,19.368242893893253,8.004803177356692,16771.24220019183,0.06876382900822031,4738530000,282539,False
경상북도,포항시 남구,로컬미식형,생활밀착형,2,27.550601426578574,25.57655357565867,7.9396204563998625,19372.81696963516,0.053888350113595565,3799300000,196115,False
경상북도,포항시 북구,로컬미식형,생활밀착형,2,6.764618161839728,30.89553410250373,12.756926457891844,19765.01030057832,0.07249879820188279,3185250000,161156,False
광주광역시,광산구,생활밀착형,생활밀착형,0,29.64451876321041,22.816697457028766,8.832181198987373,15387.212924325764,0.05919349308371184,17803190000,1157012,False
광주광역시,남구,로컬미식형,생활밀착형,2,8.58012577838899,30.552714124573143,10.532317629061914,16191.39354515887,0.04476086202261142,3235850000,199850,False
광주광역시,동구,프리미엄외식형,로컬미식형,1,-1.5040043031317225,30.614989242170694,15.612000956251494,16835.792661759748,0.05293095895846169,3346400000,198767,False
광주광역시,북구,로컬미식형,생활밀착형,2,5.18706714052302,31.698661054384058,11.325232850681983,14111.087998853322,0.053467819408277585,8072770000,572087,False
광주광역시,서구,로컬미식형,생활밀착형,2,2.6745838477993615,34.1266045516026,10.718617115308454,17994.698165318605,0.03139477770683483,7297210000,405520,False
대구광역시,군위군,생활밀착형,로컬미식형,0,-2.235387317879656,32.814383632418284,16.863569042124478,14895.592837719973,0.1123405220507697,290330000,19491,True
대구광역시,남구,프리미엄외식형,생활밀착형,1,1.31151427632323,31.271048079876284,13.200278036715932,12728.002194636856,0.053238794902584784,1855870000,145810,False
대구광역시,달서구,생활밀착형,생활밀착형,0,28.016367775461774,23.291741509536664,9.43700551676,14547.499772928937,0.0648826499737053,12492840000,858762,False
대구광역시,달성군,생활밀착형,생활밀착형,0,42.1338008072078,16.109677757523162,9.943565342480913,17330.888008284768,0.06770828941641371,8585150000,495367,False
대구광역시,동구,로컬미식형,생활밀착형,2,2.0469241295741156,34.90269406344994,10.720366868973874,15176.83103252835,0.04788220360515832,3829160000,252303,False
대구광역시,북구,프리미엄외식형,생활밀착형,1,20.018306249471934,26.14259160165601,9.936632213366378,14162.098129974453,0.06102795777487152,7101400000,501437,False
대구광역시,서구,생활밀착형,생활밀착형,0,34.32261171586884,23.355833985494538,7.104063989446767,16875.648744031554,0.06270257156313776,3820630000,226399,False
대구광역시,수성구,로컬미식형,로컬미식형,2,-13.267621265945117,36.242935826918796,15.904157527756489,18764.247108076135,0.06905679046634211,5297860000,282338,False
대구광역시,중구,프리미엄외식형,로컬미식형,1,-24.297857022164436,29.093660693951616,26.6548632691493,17591.661604869663,0.08558480892486477,4083570000,232131,False
대전광역시,대덕구,프리미엄외식형,생활밀착형,1,12.08691551492727,29.767838357456377,10.393223782058259,14993.717943836786,0.06626703152608635,2756700000,183857,False
대전광역시,동구,프리미엄외식형,생활밀착형,1,20.980674080299693,23.41059533649605,12.50593299020391,13647.428706848883,0.0727804111922572,4319070000,316475,False
대전광역시,서구,로컬미식형,생활밀착형,2,6.643237892863311,31.17988394584139,11.26942181781858,15486.704506460705,0.04168694299858831,5506050000,355534,False
대전광역시,유성구,프리미엄외식형,로컬미식형,1,-0.2673969131494047,30.267231171261095,15.449722198179417,14571.154099011708,0.06609848510410317,5430130000,372663,False
대전광역시,중구,로컬미식형,로컬미식형,2,-3.388988802504919,32.58833002729933,9.867319082316037,17130.587330577717,0.05965971387103428,3564190000,208060,False
부산광역시,강서구,생활밀착형,생활밀착형,0,35.583938196526816,18.595222748460984,10.919532176853592,15481.253841425938,0.03373620016080785,4281960000,276590,False
부산광역시,금정구,프리미엄외식형,생활밀착형,1,3.430805869830259,27.436971339410366,15.305651891017746,11488.277748950422,0.1258559037468508,3166020000,275587,False
부산광역시,기장군,로컬미식형,생활밀착형,2,13.099088427666473,26.907091723747236,13.482000309007569,22074.430290524833,0.08186689125513634,3883400000,175923,False
부산광역시,남구,프리미엄외식형,생활밀착형,1,6.792703638578658,25.667192779254762,16.378705042879176,11459.390688398322,0.11152866556032727,6665240000,581640,False
부산광역시,동구,로컬미식형,로컬미식형,2,-12.51300253301254,31.125483376608937,18.653771330109496,14066.065395247535,0.05199834049752157,2518740000,179065,False
부산광역시,동래구,로컬미식형,로컬미식형,2,-18.51542893499699,40.08624650949065,14.18861121911562,17060.65393846562,0.03811528060218501,2829100000,165826,False
부산광역시,부산진구,프리미엄외식형,로컬미식형,1,-20.26138279932546,36.44940978077572,18.284007869589658,16118.072354651953,0.07395630768133656,7116000000,441492,False
부산광역시,북구,로컬미식형,생활밀착형,2,46.15688471250062,17.99861405053097,6.287341037214616,20459.083435514436,0.03626871051582118,5873230000,287072,False
부산광역시,사상구,프리미엄외식형,생활밀착형,1,21.30563685989901,26.023436662807484,10.371259095522156,14738.594274530207,0.06019271702964593,4759210000,322908,False
부산광역시,사하구,로컬미식형,생활밀착형,2,14.987964834146403,27.558384498878002,10.483895188937087,14592.772080093166,0.05860898248411783,4661340000,319428,False
부산광역시,서구,프리미엄외식형,로컬미식형,1,-8.405271032458074,33.22519113405348,15.971968719311864,12163.74086141877,0.08283439012473165,1944970000,159899,False
부산광역시,수영구,프리미엄외식형,로컬미식형,1,-27.554157080133255,38.10887178021339,20.977287530399657,16394.23224656608,0.07204640979068372,4268140000,260344,False
부산광역시,연제구,로컬미식형,로컬미식형,2,-6.119716806018694,36.73719138590929,11.730620759892899,16864.252422208832,0.040242975995847766,2435080000,144393,False
부산광역시,영도구,로컬미식형,로컬미식형,2,-15.05345123399762,39.34961066385113,13.359377062161807,16424.750062863634,0.0867382476320245,1894250000,115329,False
부산광역시,중구,프리미엄외식형,로컬미식형,1,-23.724460835601263,40.39046271949338,17.467116264370816,18821.195724358568,0.034099472092824955,3259210000,173167,False
부산광역시,해운대구,프리미엄외식형,로컬미식형,1,-17.11576965532401,36.11061998352997,17.927006229621522,15687.527330426417,0.09517879807687103,6278070000,400195,False
서울특별시,강남구,프리미엄외식형,프리미엄외식형,1,-42.00746808307315,25.740283005546864,41.49122043824354,15764.046434345048,0.04173359088529111,14022340000,889514,False
서울특별시,강동구,로컬미식형,생활밀착형,2,10.298018212401416,27.151351886193236,12.92837923671334,15061.48565494962,0.04644742389321467,3133030000,208016,False
서울특별시,강북구,프리미엄외식형,생활밀착형,1,14.875770603343213,25.52150940999472,13.150968786843078,12931.082274192555,0.07223084791489108,2519130000,194812,False
서울특별시,강서구,로컬미식형,생활밀착형,2,3.2284945742419,28.39020524541011,15.470508099320071,14222.318404433936,0.04366923853400409,4896090000,344254,False
서울특별시,관악구,프리미엄외식형,생활밀착형,1,18.014874443628457,22.872804437177184,12.885909852594507,11873.042942066268,0.05272492391011528,7393890000,622746,False
서울특별시,광진구,프리미엄외식형,생활밀착형,1,5.5950289393355845,21.42613154639344,15.854509922932774,15031.492342216103,0.07578679089483593,7348130000,488849,False
서울특별시,구로구,로컬미식형,생활밀착형,2,20.560866739391237,24.458717356261612,5.86592338724686,17983.826743799866,0.037448345439472126,13970520000,776838,False
서울특별시,금천구,로컬미식형,생활밀착형,2,47.23941749100439,16.305324483348308,5.12086606185328,19408.012504344577,0.06721356738421384,9660280000,497747,False
서울특별시,노원구,프리미엄외식형,생활밀착형,1,20.997342202556823,22.100922062688387,13.089652407608131,13095.211475736556,0.05014106903432597,2693960000,205721,False
서울특별시,도봉구,로컬미식형,생활밀착형,2,15.28874985584131,26.91803136893092,11.181668780994118,13302.395152165993,0.07380474299868678,1387360000,104294,False
서울특별시,동대문구,프리미엄외식형,생활밀착형,1,10.602465760168755,23.57942334311028,15.532849977182915,11935.67415349428,0.1301763145164013,5281130000,442466,False
서울특별시,동작구,프리미엄외식형,생활밀착형,1,3.8012049055993486,27.689492183261926,14.510453364667157,11325.898705122707,0.08841333206318755,4885030000,431315,False
서울특별시,마포구,프리미엄외식형,프리미엄외식형,1,-31.788588226214948,29.376465993625047,30.982481741582887,16303.45143118584,0.06729851041817228,8552220000,524565,False
서울특별시,서대문구,프리미엄외식형,로컬미식형,1,-4.97024494207421,24.877919620107562,20.528602619139598,12498.189403330412,0.10823090634616363,4607620000,368663,False
서울특별시,서초구,프리미엄외식형,로컬미식형,1,-19.96127404416019,30.920421144769755,22.605945163648663,15045.044370950121,0.06212548347494767,6032130000,400938,False
서울특별시,성동구,프리미엄외식형,생활밀착형,1,4.292655286655624,20.680603550455515,23.564023644006223,16704.26924476123,0.07352679562814832,5188630000,310617,False
서울특별시,성북구,프리미엄외식형,생활밀착형,1,16.203523082665704,21.043596724498983,16.054847560139777,11018.866433828058,0.11711993544069614,4741870000,430341,False
서울특별시,송파구,로컬미식형,로컬미식형,2,-0.6068845900030766,27.408621803620232,18.025491571335284,14436.405625344476,0.0553754236409597,5788580000,400971,False
서울특별시,양천구,로컬미식형,생활밀착형,2,8.575774135486611,28.794056840632987,11.489649532442419,14494.801504434092,0.03394352162371331,2616790000,180533,False
서울특별시,영등포구,로컬미식형,생활밀착형,2,5.291288169707883,23.48678460764321,8.205052658527327,18692.05374850329,0.040772978081012136,18124320000,969627,False
서울특별시,용산구,프리미엄외식형,프리미엄외식형,1,-27.240873434449984,18.983822144626714,39.47213499463163,16677.173527204755,0.06902651182707731,7423110000,445106,False
서울특별시,은평구,로컬미식형,생활밀착형,2,15.805226857920474,25.262789443418566,12.373159223793383,15700.906801855102,0.0463922393161015,2799770000,178319,False
서울특별시,종로구,프리미엄외식형,로컬미식형,1,-41.48169815132047,34.06625549921168,31.984228378949137,16084.55137726168,0.06765532519680892,7623820000,473984,False
서울특별시,중구,프리미엄외식형,로컬미식형,1,-15.414452961982853,27.667895399851467,24.081040230602913,17342.01913922197,0.03419631439261124,10327710000,595531,False
서울특별시,중랑구,프리미엄외식형,생활밀착형,1,17.601464951677762,25.726009358760315,11.622616220283584,13235.092742437446,0.04385425540348021,3402160000,257056,False
세종특별자치시,세종특별자치시,로컬미식형,생활밀착형,2,6.661236786561922,29.518185719415325,11.999159244370878,15391.707864486973,0.06651146890423018,4567320000,296739,False
울산광역시,남구,로컬미식형,생활밀착형,2,11.158391520473486,27.570066343010772,12.348310477553627,16693.250503693755,0.05130584508414199,5170100000,309712,False
울산광역시,동구,생활밀착형,생활밀착형,0,31.994943652195506,20.81539251592806,10.330524878246981,15604.418828895865,0.04661822047956058,3544060000,227119,False
울산광역시,북구,생활밀착형,생활밀착형,0,19.69451368517965,28.755282836840536,8.469189369193778,17937.9985241927,0.07180058361874365,2041990000,113836,False
울산광역시,울주군,생활밀착형,생활밀착형,0,40.97430588762832,19.27855402524746,6.320622025576755,15947.35695370898,0.060087835069214814,5709090000,357996,False
울산광역시,중구,로컬미식형,생활밀착형,2,8.311552838225495,29.034800498391817,12.321868389788763,17371.017264810995,0.05181493237968335,1725550000,99335,False
인천광역시,강화군,로컬미식형,로컬미식형,2,-2.985518561894672,36.42760210436302,12.197683713494321,20535.990379659852,0.11786216478300306,1075860000,52389,False
인천광역시,계양구,로컬미식형,생활밀착형,2,19.13572903365666,28.94905898308311,7.638905411871697,16059.651431846647,0.047635633026190116,3782610000,235535,False
인천광역시,남동구,로컬미식형,생활밀착형,2,29.980838531970257,22.652665730367662,8.672959466962798,16195.215014043928,0.043177602811730026,9185100000,567149,False
인천광역시,동구,로컬미식형,생활밀착형,2,47.828138958652886,19.877964501828846,3.6475803597013163,20717.62816035759,0.07200215817373125,1186540000,57272,False
인천광역시,미추홀구,로컬미식형,생활밀착형,2,21.839450759472186,24.526155243746526,9.878725346359076,13293.791959256116,0.04932912130978395,6890970000,518360,False
인천광역시,부평구,로컬미식형,생활밀착형,2,19.324279655372592,24.210174040458693,10.00333839299957,17427.629325724996,0.039585417689395164,12161540000,697831,False
인천광역시,서구,생활밀착형,생활밀착형,0,32.74485918261367,21.531495241376966,8.207350750071585,15365.679410808409,0.04908016012830018,10302350000,670478,False
인천광역시,연수구,프리미엄외식형,생활밀착형,1,9.755858893659962,16.29407398601926,24.975935262957993,13856.590159455865,0.05005804510154727,13796120000,995636,False
인천광역시,옹진군,생활밀착형,로컬미식형,0,-1.124840921220077,38.458064780984444,11.408514306827046,20272.137150466046,0.3789993732141069,243590000,12016,True
인천광역시,중구,프리미엄외식형,로컬미식형,1,-7.797928890687359,27.110808640045125,21.062409182040575,13966.57803809744,0.060500846735488646,6524040000,467118,False
전라남도,강진군,로컬미식형,로컬미식형,2,-4.9950757641204575,40.686282979421875,7.875321803134233,23762.93315815405,0.06873174455252552,578770000,24356,False
전라남도,고흥군,생활밀착형,생활밀착형,0,37.874842702587195,22.835231454733957,5.0936661575111,26089.82035928144,0.060209861283731,1263530000,48430,False
전라남도,곡성군,로컬미식형,로컬미식형,2,-28.021321569708665,44.68798823637533,10.15531660692951,15472.44934233914,0.279974898181611,217620000,14065,True
전라남도,광양시,로컬미식형,생활밀착형,2,17.02738410942238,29.56742422082181,8.400264874643955,21367.467554887586,0.06143255027737941,3156210000,147711,False
전라남도,구례군,로컬미식형,로컬미식형,2,-31.95921499835545,51.639074662865916,9.785111281657713,25787.390443878994,0.2871625620154813,182420000,7074,True
전라남도,나주시,프리미엄외식형,생활밀착형,1,15.447923687075537,27.196847944424285,10.934988853750841,17203.696890642943,0.08739703836200499,3086240000,179394,False
전라남도,담양군,로컬미식형,로컬미식형,2,-18.004642469552635,44.99954781140721,9.904437477390571,29187.857457105147,0.09988498082043071,1326880000,45460,False
전라남도,목포시,로컬미식형,생활밀착형,2,15.761118937706975,28.776055600918866,9.955625400390238,21351.656744354925,0.04866124733173825,6821470000,319482,False
전라남도,무안군,로컬미식형,생활밀착형,2,17.22664211979749,26.46937519052714,11.166235303259434,20220.334066571588,0.12777267136372836,1672990000,82738,False
전라남도,보성군,로컬미식형,생활밀착형,2,9.934980494148242,33.93253270098677,7.265356077411458,22743.56297842728,0.0987749956103521,653650000,28740,False
전라남도,순천시,로컬미식형,생활밀착형,2,2.5448586976311347,32.772978914220595,12.243508047930195,19248.94430791596,0.06085753220379365,4448970000,231128,False
전라남도,신안군,생활밀착형,생활밀착형,0,56.67877835608367,16.160267111853088,4.780516547186488,26015.533186858105,0.1451003745081933,509150000,19571,True
전라남도,여수시,로컬미식형,로컬미식형,2,-8.15854270545664,38.096824274155445,12.381691666104167,21384.322351678627,0.04799163139036263,6814820000,318683,False
전라남도,영광군,로컬미식형,생활밀착형,2,9.622430765055277,33.825693915258306,6.2611564036452085,24693.7670773831,0.14573815980108573,957970000,38794,False
전라남도,영암군,생활밀착형,생활밀착형,0,52.607088074360675,11.278493860512679,8.965215931378161,15960.414731809808,0.05863729484338991,5241480000,328405,False
전라남도,완도군,생활밀착형,생활밀착형,0,32.56809674824314,22.933163133015537,6.1870474898777355,18718.07954602021,0.07429523748268937,1504110000,80356,False
전라남도,장성군,로컬미식형,로컬미식형,2,-18.24687165943532,43.530151543733886,11.182795698924732,18127.6217399234,0.11428092359127337,795150000,43864,False
전라남도,장흥군,생활밀착형,생활밀착형,0,27.54631681588512,28.829447743994326,5.063824129066572,22954.522331875065,0.0442754472562702,451240000,19658,True
전라남도,진도군,생활밀착형,생활밀착형,0,55.18579702645145,16.818263240650438,3.2511991720239637,24314.854695477534,0.10783390505417408,1004860000,41327,False
전라남도,함평군,로컬미식형,로컬미식형,2,-26.246399550382883,48.1020068847622,9.285061939442194,20760.853711896543,0.14379700699644674,427030000,20569,True
전라남도,해남군,생활밀착형,생활밀착형,0,43.64048330296213,20.542513453286233,5.301155887115305,22046.040927887276,0.06494606367317506,1871290000,84881,False
전라남도,화순군,로컬미식형,로컬미식형,2,-19.796466204575502,42.76313153571858,12.26210986017068,20099.45441001792,0.07102978463821662,998360000,49671,False
전북특별자치도,고창군,로컬미식형,생활밀착형,2,14.359676085247173,31.984028919501263,7.314632328162815,19386.110781169577,0.17172874966592358,979270000,50514,False
전북특별자치도,군산시,로컬미식형,생활밀착형,2,19.062023727864037,26.962930450758837,8.981431038551714,18835.530647811374,0.043498690568973854,9067820000,481421,False
전북특별자치도,김제시,생활밀착형,생활밀착형,0,46.78489612133661,16.712418042499408,7.077474524054033,21635.155632463844,0.04803497947906435,2025440000,93618,False
전북특별자치도,남원시,로컬미식형,로컬미식형,2,-0.2565692869600298,35.50144982851206,9.224832090244536,20586.572669533143,0.10858071491100603,1886430000,91634,False
전북특별자치도,무주군,로컬미식형,로컬미식형,2,-22.9104669532312,46.283845842977335,8.35445828281715,16980.03742981909,0.3229452497966758,272190000,16030,True
전북특별자치도,부안군,생활밀착형,생활밀착형,0,21.097211682048517,28.586991113613553,7.951235036353399,20539.521319388576,0.14017114661722568,816980000,39776,False
전북특별자치도,순창군,로컬미식형,생활밀착형,2,6.683429313001859,33.22248357531025,7.50060832184281,21788.459839179995,0.21322456786921407,493160000,22634,False
전북특별자치도,완주군,생활밀착형,생활밀착형,0,23.7579009558032,26.085091574202217,8.681541910473369,15866.275448948014,0.10702262888628211,2471220000,155753,False
전북특별자치도,익산시,생활밀착형,생활밀착형,0,34.70682100935794,20.784875858711526,8.641207334883973,17819.83799396178,0.05647674784811951,5176360000,290483,False
전북특별자치도,임실군,로컬미식형,로컬미식형,2,-23.700763358778623,48.90381679389313,8.705343511450382,19397.06230751007,0.2557716742987378,327500000,16884,True
전북특별자치도,장수군,로컬미식형,로컬미식형,2,-16.460378432209417,43.51116801821027,8.69540475174278,20466.457023060797,0.3442523190605607,351450000,17172,True
전북특별자치도,전주시 덕진구,로컬미식형,생활밀착형,2,9.273718911922003,29.67423516988445,11.499986752911521,15311.58181449393,0.06240502141937174,5284180000,345110,False
전북특별자치도,전주시 완산구,로컬미식형,생활밀착형,2,0.8687646837876173,33.00628226750823,12.441982928140582,18434.658172921572,0.04941762089551163,6788950000,368271,False
전북특별자치도,정읍시,생활밀착형,생활밀착형,0,28.802410270991444,22.397804072526846,9.76356597624724,17707.248116806415,0.09691481850481372,1828840000,103282,False
전북특별자치도,진안군,로컬미식형,로컬미식형,2,-30.39183937823835,53.178972366148535,8.624784110535407,17029.41176470588,0.20662733174552314,185280000,10880,True
제주특별자치도,서귀포시,로컬미식형,로컬미식형,2,-8.599763023979868,37.34642141225588,12.457294614137869,22263.15260034202,0.062005534086262984,37624060000,1689970,False
제주특별자치도,제주시,로컬미식형,로컬미식형,2,-13.794797808810955,39.21873287321125,13.210561243320893,20078.081654103207,0.05649810179567499,119239370000,5938783,False
충청남도,계룡시,로컬미식형,생활밀착형,2,4.507710557532626,34.84807007938681,8.80098549137695,17178.462261932753,0.061423253056606036,219180000,12759,True
충청남도,공주시,로컬미식형,로컬미식형,2,-8.684421718290217,41.33640896552632,8.095900082884194,16784.48662932348,0.11770101147719068,2280290000,135857,False
충청남도,금산군,생활밀착형,생활밀착형,0,37.67266464342017,20.920461411318605,6.780885181918565,17317.257967528563,0.059406751670147064,1439930000,83150,False
충청남도,논산시,생활밀착형,생활밀착형,0,29.87401801762606,19.920000217538497,11.476787282699435,15724.523348341607,0.09461071393474818,3677510000,233871,False
충청남도,당진시,생활밀착형,생활밀착형,0,31.919195898082314,21.815400573795785,8.204327759504723,18457.875124965918,0.07297917212574578,6092760000,330090,False
충청남도,보령시,생활밀착형,생활밀착형,0,16.60927522415537,29.282785032750102,9.67627939085627,21339.705366538055,0.1456973028900985,2433580000,114040,False
충청남도,부여군,프리미엄외식형,생활밀착형,1,4.775427845452505,27.888797548763172,16.91203945893431,15492.289167785857,0.22948438050228157,669050000,43186,False
충청남도,서산시,생활밀착형,생활밀착형,0,32.36964571993266,23.16260684391859,6.719586239120919,17897.122150024992,0.0712340256436504,3723890000,208072,False
충청남도,서천군,생활밀착형,생활밀착형,0,28.08319152958972,27.667990168273775,4.929476271506901,22140.082381701886,0.047238406278088986,1322250000,59722,False
충청남도,아산시,생활밀착형,생활밀착형,0,43.056939586766276,14.736350195718295,10.093441103230274,16009.474768996026,0.06843547454922297,18424440000,1150846,False
충청남도,예산군,로컬미식형,생활밀착형,2,9.429945375601108,34.567440123255054,6.998459311825949,19022.371424257763,0.09365889643287748,2141900000,112599,False
충청남도,천안시 동남구,프리미엄외식형,생활밀착형,1,24.113223060553302,18.835364674018184,14.344288063455213,15057.87077075455,0.06234773217714064,8270400000,549241,False
충청남도,천안시 서북구,생활밀착형,생활밀착형,0,40.288751111671466,19.18971313587397,7.65261525209028,16607.349634626193,0.049356389615210466,11817790000,711600,False
충청남도,청양군,로컬미식형,생활밀착형,2,4.018433179723502,33.57142857142857,7.91705069124424,20941.903107508202,0.15842494409233207,434000000,20724,True
충청남도,태안군,로컬미식형,생활밀착형,2,18.250706055503265,30.46977552075737,7.16729206168207,22472.214773099728,0.22524551082257008,1508380000,67122,False
충청남도,홍성군,프리미엄외식형,생활밀착형,1,15.499381462549309,24.006255397614545,14.02142707093341,17387.440037012686,0.05196828871816691,2142150000,123201,False
충청북도,괴산군,로컬미식형,생활밀착형,2,15.060415940513536,28.421633554083886,6.369815266643429,17785.813917445885,0.12780279925421656,688560000,38714,False
충청북도,단양군,로컬미식형,로컬미식형,2,-13.324737119299698,41.49792056371792,9.167680656702323,19861.131149906218,0.14822374417598927,550630000,27724,False
충청북도,보은군,로컬미식형,로컬미식형,2,-4.420140261489571,40.1633943866122,7.313216497562261,17937.60012606035,0.1210587337248129,683010000,38077,False
충청북도,영동군,생활밀착형,생활밀착형,0,34.64313836859566,24.42072108123459,6.045154711038248,21644.26811209522,0.09038010343849566,774670000,35791,False
충청북도,옥천군,생활밀착형,생활밀착형,0,19.95347209354992,31.600889382990548,5.857163444712083,14876.420324032955,0.10281122057589435,971460000,65302,False
충청북도,음성군,생활밀착형,생활밀착형,0,53.383555168553315,11.404702077372807,8.315462122154496,16339.430894308944,0.07935164427878828,10048750000,615000,False
충청북도,제천시,프리미엄외식형,생활밀착형,1,15.25084471211997,26.76640275731162,12.14351721357391,18268.82463367576,0.0891445675485924,2802730000,153416,False
충청북도,증평군,생활밀착형,생활밀착형,0,32.06244521434236,20.723796802604667,8.911800308886756,16053.957702307878,0.08521457956071828,1197850000,74614,False
충청북도,진천군,생활밀착형,생활밀착형,0,50.01699923394009,14.345456535220515,7.476744610221428,16946.9626156669,0.06771901249873247,6853250000,404394,False
충청북도,청주시 상당구,로컬미식형,로컬미식형,2,-6.4577510188876275,38.03445591289431,10.520586326048502,19188.22552477485,0.06265173216490216,4482830000,233624,False
충청북도,청주시 서원구,로컬미식형,생활밀착형,2,9.435619375971157,28.17108598103549,13.312426311465227,15293.907861318685,0.06735098261996346,4588570000,300026,False
충청북도,청주시 청원구,로컬미식형,생활밀착형,2,23.150666788919786,27.205055845906728,7.6206145936272165,17948.489770791366,0.05572271722802498,5889420000,328129,False
충청북도,청주시 흥덕구,로컬미식형,생활밀착형,2,16.424099656239086,25.4434220685653,13.316678059791776,16346.314625095663,0.041469892378910786,10166950000,621972,False
충청북도,충주시,로컬미식형,생활밀착형,2,23.29943146213011,28.220386945630054,6.522784758268987,19682.09835987242,0.06136543871679153,6590590000,334852,False
