SIDO_NM,CCG_NM,lon,lat,n_samples
서울특별시,종로구,126.987603570242,37.573643851333,1120
서울특별시,은평구,126.921289715577,37.6104951458477,28
서울특별시,노원구,127.071310535836,37.6544779280111,23
서울특별시,동대문구,127.055379491516,37.5834299912434,24
서울특별시,용산구,126.972774355702,37.539305690091,28
서울특별시,중구,126.978438162822,37.5631136447046,337
서울특별시,성북구,127.017731118273,37.596693944487,29
서울특별시,영등포구,126.906685948052,37.5193873954449,38
서울특별시,강남구,127.042257295521,37.5083593706123,39
서울특별시,송파구,127.118437299936,37.5068928807168,28
서울특별시,강동구,127.133661373987,37.5394624547997,16
서울특별시,광진구,127.076224821577,37.5425589292565,21
서울특별시,서초구,127.012957935948,37.4918801701145,32
서울특별시,강서구,126.839547717443,37.5585060249139,22
서울특별시,강북구,127.022181476513,37.641722600149,19
서울특별시,마포구,126.921845984438,37.5537285316729,51
서울특별시,양천구,126.869491823028,37.522099943802,19
서울특별시,성동구,127.049405311885,37.5520568755812,16
서울특별시,중랑구,127.088684657979,37.5891205605596,13
서울특별시,동작구,126.94533519251,37.5072288988485,14
서울특별시,서대문구,126.944123345095,37.5711714331561,36
서울특별시,관악구,126.934479042818,37.4802319006616,15
서울특별시,금천구,126.890332464549,37.4721699116839,9
서울특별시,도봉구,127.042084641675,37.6593142930213,10
서울특별시,구로구,126.882233879604,37.4916648465121,13
부산광역시,북구,129.010148610306,35.211305301562,57
부산광역시,금정구,129.089313010479,35.2378037203068,72
부산광역시,영도구,129.045560693127,35.0885466621941,28
부산광역시,해운대구,129.157880427654,35.1731072399546,104
부산광역시,부산진구,129.058139545286,35.1567968046828,103
부산광역시,동래구,129.082033684036,35.2022263983963,77
부산광역시,강서구,128.901466351853,35.0951642682184,59
부산광역시,연제구,129.082933454882,35.1863782046177,54
부산광역시,동구,129.046095011403,35.1279397161552,46
부산광역시,사하구,128.971115556362,35.097634339231,92
부산광역시,남구,129.091198321784,35.1346666252177,71
부산광역시,기장군,129.216003978692,35.2671535114484,55
부산광역시,수영구,129.115303525449,35.1620612660601,68
부산광역시,사상구,128.986262716642,35.1611861796744,46
부산광역시,중구,129.03021589597,35.1009917455981,44
부산광역시,서구,129.019745116546,35.0981920291299,24
대구광역시,달서구,128.532548685956,35.839692643293,226
대구광역시,북구,128.571346422386,35.9145805751954,162
대구광역시,중구,128.595791626881,35.8674704808331,98
대구광역시,동구,128.641767248369,35.8785257449035,125
대구광역시,남구,128.584889018449,35.8460753644451,65
대구광역시,군위군,128.584756350533,36.160832538197,11
대구광역시,서구,128.561255955548,35.8726673794604,68
대구광역시,수성구,128.626089696904,35.842577485728,154
대구광역시,달성군,128.460527653538,35.7775824869627,91
인천광역시,남동구,126.715241573528,37.449981961805,1644
인천광역시,부평구,126.72335370452,37.4975920590333,1507
인천광역시,영종구,126.491493603418,37.4887321970702,347
인천광역시,제물포구,126.628489116663,37.4737568782042,842
인천광역시,미추홀구,126.670100716007,37.4570098451805,1496
인천광역시,서해구,126.672456838075,37.5174791849231,1114
인천광역시,옹진군,126.329287303978,37.5289800600073,188
인천광역시,연수구,126.660252732362,37.4143398558917,1025
인천광역시,강화군,126.483864446638,37.7046771305843,591
인천광역시,계양구,126.728475363931,37.5374774690582,927
인천광역시,검단구,126.6700588975,37.5967575446445,319
대전광역시,유성구,127.344041733657,36.3695113603691,281
대전광역시,동구,127.444734034948,36.3370528727207,144
대전광역시,중구,127.411630472392,36.3228504607094,161
대전광역시,서구,127.377056749117,36.3402127234633,318
대전광역시,대덕구,127.430559537406,36.3652026245801,96
울산광역시,남구,129.319334543565,35.5387115322686,303
울산광역시,동구,129.426583812531,35.4984986173474,147
울산광역시,북구,129.357408828222,35.6259598115833,154
울산광역시,울주군,129.239096110062,35.554430074868,210
울산광역시,중구,129.322951441848,35.5596354987833,186
세종특별자치시,세종특별자치시,127.282541731492,36.5214315041967,1000
경기도,안산시 단원구,126.824314035404,37.3181142279082,54
경기도,수원시 영통구,127.051897650441,37.2752569839468,42
경기도,수원시 권선구,126.984594430271,37.262108356152,41
경기도,파주시,126.758069799298,37.7555533939729,82
경기도,여주시,127.633925443744,37.2971468473549,25
경기도,용인시 수지구,127.096780185408,37.3245218587643,24
경기도,남양주시,127.235414307231,37.6539324266828,84
경기도,시흥시,126.782625534932,37.3753216732497,91
경기도,의정부시,127.049251593314,37.7417228999961,62
경기도,평택시,127.062461952377,37.0009195148806,94
경기도,양평군,127.41866851159,37.5122223673843,28
경기도,부천시 소사구,126.795246290153,37.4806001914999,23
경기도,구리시,127.141254500466,37.5977237678811,32
경기도,용인시 기흥구,127.111227732961,37.2764742144791,49
경기도,고양시 일산동구,126.78522622256,37.6620334803437,67
경기도,화성시 병점구,127.040412041495,37.2120054276766,21
경기도,화성시 만세구,126.902683913185,37.1301489965183,51
경기도,이천시,127.451772300615,37.2605345419416,40
경기도,군포시,126.938361024873,37.3601416239845,36
경기도,수원시 팔달구,127.026567408367,37.2698232530765,42
경기도,부천시 원미구,126.776204681675,37.4987372576979,81
경기도,안양시 만안구,126.916942553042,37.3987975075042,40
경기도,양주시,127.07398876848,37.8149920634136,33
경기도,용인시 처인구,127.208006794894,37.2351477430682,46
경기도,성남시 분당구,127.114474029054,37.3863961384182,72
경기도,오산시,127.067903805174,37.1588483058407,28
경기도,안양시 동안구,126.961485105331,37.3934801636431,61
경기도,안성시,127.262104380099,37.0126570389807,32
경기도,고양시 덕양구,126.84677443865,37.647787833077,81
경기도,성남시 수정구,127.138279532076,37.4464099363492,27
경기도,광명시,126.872966932721,37.4621583812862,47
경기도,포천시,127.197286533498,37.897106868163,36
경기도,가평군,127.491183500988,37.7375940630181,26
경기도,광주시,127.257035085101,37.3932041942905,47
경기도,김포시,126.676322380393,37.6436021848696,74
경기도,고양시 일산서구,126.754531005208,37.67564562416,25
경기도,안산시 상록구,126.86000734763,37.3020967666524,42
경기도,부천시 오정구,126.803440859013,37.5258941005572,22
경기도,성남시 중원구,127.150195343057,37.4343863132156,26
경기도,하남시,127.191221453192,37.557542680632,29
경기도,동두천시,127.05405716963,37.8999761094935,16
경기도,화성시 동탄구,127.089472108373,37.2049548220306,40
경기도,화성시 효행구,126.956993954387,37.2196049641139,16
경기도,의왕시,126.971895812729,37.3582824611654,17
경기도,수원시 장안구,127.003689009655,37.2976801770985,33
경기도,과천시,127.003186428461,37.4365472487847,6
경기도,연천군,127.073827937607,38.0274116281142,9
강원특별자치도,철원군,127.308020539468,38.2064583388606,269
강원특별자치도,영월군,128.467258079405,37.1839699474973,20
강원특별자치도,강릉시,128.89544041055,37.7635347743313,92
강원특별자치도,춘천시,127.735037660757,37.8696351743685,134
강원특별자치도,평창군,128.454921871334,37.6172395537845,28
강원특별자치도,동해시,129.109620720564,37.5194601154773,32
강원특별자치도,양양군,128.62567282339,38.0742394549074,24
강원특별자치도,속초시,128.588482813957,38.1976050883821,64
강원특별자치도,횡성군,127.989345867915,37.4940202555182,22
강원특별자치도,화천군,127.542408170902,38.0718476354884,9
강원특별자치도,정선군,128.707896742102,37.3396952292701,23
강원특별자치도,홍천군,127.884996441538,37.69028723976,42
강원특별자치도,원주시,127.949199371772,37.3364878496524,134
강원특별자치도,인제군,128.203946581287,38.0681223925209,31
강원특별자치도,삼척시,129.168740795846,37.4414786444455,23
강원특별자치도,고성군,128.477048487972,38.3723561336226,22
강원특별자치도,양구군,127.988713812193,38.1067733173497,10
강원특별자치도,태백시,128.990120012467,37.1595862818821,21
충청북도,청주시 흥덕구,127.433968874949,36.6346962624044,136
충청북도,괴산군,127.79434355887,36.7912704390026,34
충청북도,충주시,127.9272664581,36.9787510571049,157
충청북도,제천시,128.209875871448,37.1408243602297,84
충청북도,청주시 청원구,127.485219652811,36.6721484050492,117
충청북도,청주시 서원구,127.467274183572,36.6126403135423,85
충청북도,단양군,128.359258972863,36.9824891969944,25
충청북도,진천군,127.443288286658,36.904206106732,61
충청북도,음성군,127.580761305948,36.9817072292166,92
충청북도,청주시 상당구,127.506248643526,36.6228372486463,109
충청북도,증평군,127.57990000526,36.7822121626934,27
충청북도,옥천군,127.570740443603,36.3019840731265,27
충청북도,영동군,127.782704671595,36.1739915440667,31
충청북도,보은군,127.719857215859,36.4885962479405,15
충청남도,논산시,127.092856151393,36.1909975806169,62
충청남도,당진시,126.688460754509,36.901291060375,85
충청남도,아산시,127.019218499689,36.7858586317133,158
충청남도,서산시,126.45224869005,36.7798262941286,92
충청남도,서천군,126.69543792141,36.0763106915972,20
충청남도,천안시 서북구,127.131349748996,36.8284254919348,148
충청남도,천안시 동남구,127.158450451079,36.7933622613012,115
충청남도,계룡시,127.242918798558,36.2874829280316,16
충청남도,홍성군,126.663242372291,36.5994702571355,42
충청남도,보령시,126.601129120195,36.3457166069719,64
충청남도,공주시,127.135794369587,36.471307723904,59
충청남도,태안군,126.303198503524,36.7467767721113,32
충청남도,금산군,127.488095850923,36.1101112978302,27
충청남도,예산군,126.832795896548,36.6837108819231,40
충청남도,부여군,126.910719704494,36.278904769568,23
충청남도,청양군,126.802202272023,36.4460861958917,17
전북특별자치도,전주시 완산구,127.120208997913,35.8146453198801,161
전북특별자치도,전주시 덕진구,127.132680627584,35.8434826642586,169
전북특별자치도,고창군,126.695390254178,35.4384527866747,30
전북특별자치도,정읍시,126.860242912135,35.5686416520242,59
전북특별자치도,순창군,127.14201177096,35.3762509108135,14
전북특별자치도,군산시,126.709590864282,35.9675988703775,162
전북특별자치도,완주군,127.125940295789,35.9185384498434,73
전북특별자치도,부안군,126.632940342638,35.6757634267703,44
전북특별자치도,익산시,126.967741484885,35.9581910519653,144
전북특별자치도,남원시,127.387510505139,35.4126676714422,49
전북특별자치도,김제시,126.90254330839,35.8017085099223,37
전북특별자치도,장수군,127.547539567277,35.6804787610705,9
전북특별자치도,임실군,127.285030060261,35.5575665360629,15
전북특별자치도,무주군,127.663341906585,36.0050066861893,22
전북특별자치도,진안군,127.422637936066,35.7926249090535,12
경상북도,상주시,128.157119702009,36.4181265697602,43
경상북도,청송군,129.04727295521,36.4355823435232,10
경상북도,안동시,128.723110754463,36.5636041460753,75
경상북도,칠곡군,128.408418016662,36.0036985302829,48
경상북도,경주시,129.217721433741,35.8472724931264,131
경상북도,포항시 남구,129.365126537862,36.0080307115283,90
경상북도,성주군,128.28393886814,35.9449080866245,10
경상북도,포항시 북구,129.36849610412,36.0608425191368,83
경상북도,울진군,129.419575065034,36.9914736725874,38
경상북도,경산시,128.755349239868,35.8274620348499,77
경상북도,구미시,128.359022062828,36.1239183787767,127
경상북도,영덕군,129.38418730529,36.4141096109291,20
경상북도,영주시,128.618112385945,36.8213065061571,46
경상북도,문경시,128.188555510189,36.5982653188108,38
경상북도,고령군,128.354118113382,35.7474660518702,11
경상북도,의성군,128.695446935706,36.3504757718681,20
경상북도,예천군,128.455860436946,36.655688515636,16
경상북도,김천시,128.116313286499,36.1253091083295,37
경상북도,봉화군,128.825281620209,36.89112081021,22
경상북도,청도군,128.742167669208,35.6438818413119,13
경상북도,울릉군,130.907278560876,37.4838063543489,9
경상북도,영천시,128.940147477079,35.9736624328028,30
경상북도,영양군,129.113304850522,36.6634525206043,6
경상남도,진주시,128.105513606889,35.1832214061364,116
경상남도,거제시,128.674947481811,34.8865294574593,73
경상남도,창원시 마산합포구,128.57299616582,35.2036895440749,59
경상남도,창원시 마산회원구,128.580707836587,35.2328560285258,45
경상남도,김해시,128.847792751741,35.2355911469975,154
경상남도,양산시,129.036760413096,35.3432541666676,82
경상남도,사천시,128.083701069343,35.0571809929849,41
경상남도,고성군,128.324956891066,34.978742477649,19
경상남도,창원시 성산구,128.683425687974,35.2218629741829,74
경상남도,남해군,127.975765816062,34.8326355909283,20
경상남도,창원시 의창구,128.639627070882,35.2567523960458,55
경상남도,의령군,128.260847662989,35.3211876913382,8
경상남도,창원시 진해구,128.704895690879,35.146794382283,53
경상남도,하동군,127.769662846822,35.069939611714,23
경상남도,창녕군,128.497682674642,35.5111173727645,26
경상남도,통영시,128.422150512137,34.8429985568649,32
경상남도,밀양시,128.752757046324,35.4892616161106,38
경상남도,함안군,128.410000763254,35.2777987277816,23
경상남도,거창군,127.90920272542,35.6872596741403,20
경상남도,산청군,127.878417344762,35.3829650677787,16
경상남도,함양군,127.730713231083,35.5191705768604,11
경상남도,합천군,128.138779479929,35.5689345025599,12
제주특별자치도,제주시,126.507414574645,33.4899586295326,679
제주특별자치도,서귀포시,126.562409731819,33.2581222710905,321
광주광역시,남구,126.901638905657,35.1294625331499,52
광주광역시,고흥군,127.286596987691,34.6072499743935,13
광주광역시,함평군,126.522637178591,35.0673771608076,7
광주광역시,무안군,126.462449777391,34.8131522297347,27
광주광역시,북구,126.898028155533,35.1804010448714,116
광주광역시,광산구,126.814905804387,35.1900195317413,97
광주광역시,담양군,126.9853843987,35.3166514212694,17
광주광역시,나주시,126.785983022771,35.0233845658149,32
광주광역시,순천시,127.516779876847,34.9522556281519,78
광주광역시,서구,126.862732867928,35.1468239489196,89
광주광역시,영암군,126.45534947606,34.761544935072,21
광주광역시,동구,126.921823598121,35.1480386691495,45
광주광역시,해남군,126.598926220586,34.5714568441569,24
광주광역시,목포시,126.398194622055,34.8043453794547,73
광주광역시,화순군,126.989750362756,35.0551105421685,21
광주광역시,구례군,127.467363631034,35.2256956769679,15
광주광역시,여수시,127.703229821226,34.7509572611919,104
광주광역시,강진군,126.772094633727,34.6391699308046,17
광주광역시,장성군,126.785030688926,35.3045537999333,16
광주광역시,완도군,126.7479913619,34.318206556175,19
광주광역시,보성군,127.344134443206,34.8402446599123,11
광주광역시,광양시,127.696060070381,34.9441037239446,44
광주광역시,영광군,126.502646371616,35.277280751294,24
광주광역시,진도군,126.263969902049,34.4811624278006,10
광주광역시,신안군,126.125524566759,34.8580651935894,11
광주광역시,장흥군,126.908012673161,34.6791735204663,8
광주광역시,곡성군,127.28979004222,35.2763622949728,9
전라남도,남구,126.901638905657,35.1294625331499,52
전라남도,고흥군,127.286596987691,34.6072499743935,13
전라남도,함평군,126.522637178591,35.0673771608076,7
전라남도,무안군,126.462449777391,34.8131522297347,27
전라남도,북구,126.898028155533,35.1804010448714,116
전라남도,광산구,126.814905804387,35.1900195317413,97
전라남도,담양군,126.9853843987,35.3166514212694,17
전라남도,나주시,126.785983022771,35.0233845658149,32
전라남도,순천시,127.516779876847,34.9522556281519,78
전라남도,서구,126.862732867928,35.1468239489196,89
전라남도,영암군,126.45534947606,34.761544935072,21
전라남도,동구,126.921823598121,35.1480386691495,45
전라남도,해남군,126.598926220586,34.5714568441569,24
전라남도,목포시,126.398194622055,34.8043453794547,73
전라남도,화순군,126.989750362756,35.0551105421685,21
전라남도,구례군,127.467363631034,35.2256956769679,15
전라남도,여수시,127.703229821226,34.7509572611919,104
전라남도,강진군,126.772094633727,34.6391699308046,17
전라남도,장성군,126.785030688926,35.3045537999333,16
전라남도,완도군,126.7479913619,34.318206556175,19
전라남도,보성군,127.344134443206,34.8402446599123,11
전라남도,광양시,127.696060070381,34.9441037239446,44
전라남도,영광군,126.502646371616,35.277280751294,24
전라남도,진도군,126.263969902049,34.4811624278006,10
전라남도,신안군,126.125524566759,34.8580651935894,11
전라남도,장흥군,126.908012673161,34.6791735204663,8
전라남도,곡성군,127.28979004222,35.2763622949728,9
